order_id,vendor_id,project_id,route_id,material_type,quantity,unit_cost,order_date,approval_date,roj_date,final_status
1,3,3,1,Roofing Membrane,1144,207.15,2025-12-22,2025-12-23,2026-04-15,silence
2,14,3,4,Plumbing Fixtures,966,736.3,2025-09-28,2025-10-09,2025-11-28,on_time
3,7,2,5,Insulation,297,367.27,2026-01-21,2026-01-29,2026-03-22,silence
4,6,4,4,Insulation,447,736.98,2025-10-01,2025-10-04,2025-12-24,on_time
5,18,6,6,Insulation,327,173.56,2025-12-21,2025-12-22,2026-03-28,delayed
6,6,1,5,Rebar,1753,170.16,2025-10-05,2025-10-16,2025-12-14,on_time
7,8,3,4,Precast Concrete,1385,553.99,2026-04-23,2026-04-29,2026-06-01,on_time
8,18,2,5,HVAC Ductwork,281,794.27,2025-10-06,2025-10-10,2025-12-08,delayed
9,4,1,6,Drywall,328,242.41,2025-12-17,2025-12-29,2026-01-21,delayed
10,1,3,2,HVAC Ductwork,340,633.93,2026-04-07,2026-04-16,2026-05-11,silence
11,12,5,5,Precast Concrete,890,121.42,2026-02-05,2026-02-11,2026-03-27,delayed
12,6,4,1,Precast Concrete,1518,786.95,2026-03-30,2026-04-12,2026-06-10,delayed
13,9,1,3,Curtain Wall Glass,1323,440.35,2026-02-17,2026-02-18,2026-05-13,conflict
14,12,6,3,Plumbing Fixtures,1251,836.84,2025-10-30,2025-11-06,2026-01-08,delayed
15,4,6,3,Drywall,643,571.86,2026-02-15,2026-02-22,2026-03-17,on_time
16,10,3,2,Plumbing Fixtures,1619,499.29,2026-02-12,2026-02-20,2026-06-03,on_time
17,20,3,1,Electrical Conduit,1387,274.2,2025-12-11,2025-12-14,2026-04-09,silence
18,17,4,1,Drywall,520,781.09,2025-11-02,2025-11-10,2025-12-22,conflict
19,16,4,3,Electrical Conduit,1730,547.45,2026-05-25,2026-06-02,2026-07-23,conflict
20,13,6,2,Electrical Conduit,141,361.41,2026-02-17,2026-02-26,2026-05-19,delayed
21,1,3,3,Plumbing Fixtures,1757,759.52,2026-04-03,2026-04-12,2026-06-15,silence
22,13,6,2,Insulation,1893,121.57,2026-06-01,2026-06-02,2026-08-18,silence
23,11,2,4,Curtain Wall Glass,701,650.63,2026-03-14,2026-03-19,2026-06-21,on_time
24,2,3,2,Rebar,1609,814.33,2025-09-21,2025-10-04,2025-11-06,silence
25,16,6,1,Roofing Membrane,1951,197.0,2026-01-10,2026-01-23,2026-02-22,delayed
26,10,6,5,Rebar,1640,836.51,2025-09-22,2025-09-28,2025-11-25,delayed
27,20,5,4,Insulation,902,704.49,2026-01-16,2026-01-22,2026-04-15,on_time
28,19,5,6,Plumbing Fixtures,698,38.96,2026-02-14,2026-02-17,2026-04-20,on_time
29,18,1,5,Electrical Conduit,185,216.53,2026-03-28,2026-04-05,2026-07-06,delayed
30,11,3,6,Insulation,564,271.03,2025-12-28,2025-12-30,2026-02-20,on_time
31,7,6,4,HVAC Ductwork,1493,507.31,2026-05-27,2026-06-06,2026-07-02,delayed
32,18,3,6,Precast Concrete,1316,740.17,2026-05-10,2026-05-12,2026-07-11,on_time
33,16,1,1,Plumbing Fixtures,1017,76.86,2025-09-28,2025-10-01,2025-11-09,conflict
34,7,6,2,HVAC Ductwork,1362,82.79,2026-01-01,2026-01-04,2026-04-21,delayed
35,19,6,2,Plumbing Fixtures,245,469.71,2025-11-16,2025-11-21,2026-03-15,delayed
36,13,3,5,Drywall,1021,380.53,2025-09-21,2025-09-28,2026-01-02,silence
37,2,2,4,Drywall,1344,384.26,2026-01-21,2026-01-24,2026-04-03,on_time
38,11,6,1,Precast Concrete,685,358.72,2026-05-12,2026-05-17,2026-08-16,silence
39,12,5,4,Insulation,1566,58.1,2026-01-15,2026-01-24,2026-03-01,conflict
40,1,6,5,Electrical Conduit,1463,147.25,2025-09-08,2025-09-17,2025-12-07,delayed
41,8,4,5,Precast Concrete,795,174.16,2026-05-19,2026-05-31,2026-07-26,silence
42,19,5,6,Insulation,1782,139.08,2026-05-06,2026-05-12,2026-09-02,on_time
43,8,5,4,Electrical Conduit,1763,662.58,2025-09-23,2025-09-29,2026-01-14,on_time
44,5,4,1,Precast Concrete,1038,821.07,2026-02-17,2026-03-03,2026-05-20,silence
45,18,1,5,Rebar,490,542.02,2026-01-26,2026-01-30,2026-04-07,silence
46,2,3,3,Curtain Wall Glass,892,136.55,2026-05-30,2026-06-06,2026-07-31,delayed
47,1,4,3,Drywall,333,76.67,2026-02-24,2026-03-06,2026-05-02,delayed
48,10,1,6,Plumbing Fixtures,572,21.76,2025-09-26,2025-10-06,2025-11-19,delayed
49,20,3,6,Precast Concrete,1296,96.13,2025-09-21,2025-09-26,2025-12-29,delayed
50,12,5,5,HVAC Ductwork,1710,152.39,2026-05-05,2026-05-18,2026-06-15,delayed
51,13,1,3,Drywall,263,394.75,2026-01-13,2026-01-23,2026-05-01,silence
52,8,6,1,Insulation,1872,600.4,2026-03-29,2026-03-31,2026-06-20,conflict
53,4,4,5,Plumbing Fixtures,1933,809.52,2025-09-17,2025-09-29,2025-10-28,delayed
54,7,6,6,Roofing Membrane,1998,32.83,2026-02-18,2026-02-22,2026-05-29,silence
55,7,5,2,Electrical Conduit,682,661.6,2025-09-02,2025-09-07,2025-11-16,conflict
56,8,5,3,Structural Steel,366,236.58,2025-11-04,2025-11-16,2026-02-26,delayed
57,17,3,4,Structural Steel,134,848.82,2026-03-25,2026-04-01,2026-05-04,silence
58,11,5,2,Rebar,268,244.64,2026-02-14,2026-02-21,2026-05-25,on_time
59,7,4,4,Electrical Conduit,857,298.01,2026-04-21,2026-04-28,2026-08-04,delayed
60,18,5,3,Rebar,851,310.25,2026-04-05,2026-04-19,2026-06-18,silence
61,18,3,1,HVAC Ductwork,1185,203.84,2026-04-08,2026-04-22,2026-06-20,silence
62,12,1,2,Precast Concrete,1169,563.88,2025-10-06,2025-10-09,2026-01-16,delayed
63,20,1,1,Precast Concrete,332,644.95,2025-09-26,2025-10-07,2025-10-26,silence
64,7,3,2,Precast Concrete,1575,228.36,2026-02-15,2026-02-17,2026-05-01,silence
65,3,4,6,Structural Steel,903,30.65,2025-10-10,2025-10-24,2026-02-05,delayed
66,12,1,4,Rebar,508,378.79,2026-03-25,2026-04-03,2026-06-05,silence
67,6,1,5,Rebar,1096,440.81,2026-02-26,2026-03-04,2026-06-08,delayed
68,19,4,6,Roofing Membrane,1326,545.47,2026-02-13,2026-02-27,2026-05-10,silence
69,10,3,5,Structural Steel,730,438.63,2026-02-06,2026-02-14,2026-03-27,delayed
70,2,4,1,Curtain Wall Glass,1472,85.41,2025-11-28,2025-11-29,2026-01-09,silence
71,18,6,4,HVAC Ductwork,526,619.32,2025-11-16,2025-11-22,2026-03-09,silence
72,13,2,5,Rebar,644,481.7,2026-02-16,2026-03-02,2026-04-26,conflict
73,6,2,3,Insulation,403,204.16,2025-11-10,2025-11-13,2026-01-27,silence
74,5,2,2,Roofing Membrane,1666,768.72,2026-04-13,2026-04-14,2026-08-07,delayed
75,19,4,4,HVAC Ductwork,1603,333.86,2026-05-29,2026-06-05,2026-09-18,on_time
76,16,3,5,Rebar,1466,721.32,2025-11-03,2025-11-08,2026-01-29,silence
77,12,1,4,Structural Steel,821,434.18,2025-12-30,2026-01-06,2026-04-28,delayed
78,5,6,4,Insulation,1270,19.38,2025-10-11,2025-10-12,2025-11-24,on_time
79,10,2,3,Rebar,107,214.1,2026-04-23,2026-04-25,2026-06-10,conflict
80,10,4,1,Roofing Membrane,732,215.87,2026-04-02,2026-04-05,2026-05-15,delayed
81,19,6,3,Precast Concrete,100,309.17,2026-02-21,2026-03-07,2026-04-29,delayed
82,7,1,2,Structural Steel,656,794.36,2026-05-22,2026-05-29,2026-08-07,silence
83,14,4,6,Insulation,1842,813.66,2026-02-21,2026-02-24,2026-05-16,on_time
84,3,4,5,Precast Concrete,1127,260.29,2025-10-23,2025-10-25,2025-12-01,conflict
85,13,3,5,Precast Concrete,1961,41.0,2026-04-13,2026-04-14,2026-07-09,conflict
86,12,3,4,Rebar,1185,129.98,2026-03-07,2026-03-14,2026-05-03,delayed
87,20,3,6,Insulation,419,117.4,2025-10-08,2025-10-16,2025-12-14,delayed
88,10,2,6,Precast Concrete,1635,316.85,2025-12-24,2025-12-26,2026-04-03,delayed
89,5,5,1,Rebar,643,347.46,2026-05-04,2026-05-13,2026-08-17,silence
90,6,2,4,Drywall,1875,739.96,2025-11-03,2025-11-12,2026-01-13,conflict
91,8,3,5,HVAC Ductwork,1742,80.85,2025-12-10,2025-12-21,2026-04-03,silence
92,20,6,5,Curtain Wall Glass,1735,786.48,2025-09-22,2025-10-06,2025-12-12,delayed
93,10,4,1,Structural Steel,333,382.07,2026-05-06,2026-05-14,2026-06-25,delayed
94,11,5,6,Curtain Wall Glass,398,652.21,2026-05-14,2026-05-23,2026-08-02,silence
95,17,4,2,Electrical Conduit,1204,309.67,2025-09-26,2025-10-01,2025-12-01,delayed
96,3,4,5,Insulation,1575,474.13,2025-10-31,2025-11-03,2026-01-19,delayed
97,20,6,3,Roofing Membrane,698,438.61,2026-05-19,2026-05-28,2026-09-02,delayed
98,16,3,6,Roofing Membrane,1192,205.0,2025-09-27,2025-10-07,2026-01-22,on_time
99,8,1,5,Rebar,400,30.81,2026-02-08,2026-02-15,2026-04-22,conflict
100,18,3,6,HVAC Ductwork,1259,419.29,2026-01-05,2026-01-10,2026-03-20,delayed
101,18,6,3,HVAC Ductwork,259,493.85,2026-03-14,2026-03-21,2026-06-13,on_time
102,7,2,5,HVAC Ductwork,1920,484.29,2026-01-18,2026-01-21,2026-03-06,silence
103,1,5,2,Plumbing Fixtures,1347,795.75,2026-05-02,2026-05-10,2026-06-05,delayed
104,6,4,2,Structural Steel,1722,346.49,2026-05-12,2026-05-15,2026-08-19,delayed
105,17,4,2,Drywall,968,242.82,2025-10-28,2025-11-03,2025-12-21,conflict
106,6,5,6,Plumbing Fixtures,1703,372.13,2026-02-15,2026-02-17,2026-04-20,delayed
107,11,3,5,Roofing Membrane,33,233.4,2026-03-04,2026-03-16,2026-04-20,on_time
108,16,2,4,Roofing Membrane,775,362.23,2026-04-30,2026-05-13,2026-06-09,on_time
109,17,4,5,Curtain Wall Glass,169,780.9,2025-10-28,2025-10-29,2026-01-31,conflict
110,15,1,4,Precast Concrete,1061,361.88,2025-09-30,2025-10-09,2025-12-01,silence
111,1,6,2,Roofing Membrane,159,52.82,2026-02-24,2026-03-08,2026-05-17,silence
112,6,2,6,Plumbing Fixtures,776,844.04,2026-03-15,2026-03-23,2026-07-07,silence
113,18,2,6,Curtain Wall Glass,252,164.03,2026-03-21,2026-03-30,2026-04-22,conflict
114,10,4,6,Drywall,878,459.16,2025-12-27,2025-12-31,2026-02-21,delayed
115,3,1,5,Structural Steel,924,514.15,2025-09-25,2025-09-29,2025-11-24,delayed
116,10,2,6,Drywall,462,360.32,2026-01-19,2026-01-20,2026-04-30,on_time
117,16,1,3,Plumbing Fixtures,1619,452.93,2026-04-02,2026-04-09,2026-06-30,conflict
118,2,5,4,Plumbing Fixtures,1151,457.54,2026-03-18,2026-03-22,2026-04-23,delayed
119,9,4,6,Roofing Membrane,1244,48.02,2025-10-08,2025-10-12,2025-12-15,on_time
120,1,2,2,Rebar,1539,849.64,2026-05-04,2026-05-08,2026-07-12,on_time
121,9,3,5,Insulation,964,97.34,2026-04-29,2026-05-12,2026-07-11,delayed
122,9,4,6,Insulation,953,155.48,2026-02-28,2026-03-03,2026-04-08,conflict
123,2,1,4,Precast Concrete,1735,541.64,2025-10-05,2025-10-17,2025-11-06,conflict
124,17,6,3,Drywall,597,29.31,2026-04-09,2026-04-22,2026-06-29,delayed
125,15,5,2,Electrical Conduit,624,586.17,2025-10-12,2025-10-23,2026-01-31,silence
126,1,6,2,Rebar,1033,720.85,2026-02-17,2026-02-27,2026-05-27,delayed
127,19,6,1,Precast Concrete,1912,725.11,2025-09-09,2025-09-13,2025-10-15,delayed
128,4,4,2,Rebar,707,520.32,2026-03-23,2026-04-05,2026-07-18,on_time
129,19,6,4,Rebar,1591,531.54,2026-01-05,2026-01-17,2026-04-26,silence
130,5,6,4,Curtain Wall Glass,748,103.97,2025-09-03,2025-09-08,2025-10-26,conflict
131,14,4,5,Drywall,1059,355.72,2025-09-14,2025-09-16,2025-12-19,delayed
132,6,6,4,Precast Concrete,294,239.55,2026-01-16,2026-01-24,2026-03-22,conflict
133,14,3,4,Rebar,749,225.17,2026-01-05,2026-01-17,2026-04-24,delayed
134,13,3,4,Curtain Wall Glass,891,695.92,2025-11-09,2025-11-14,2026-03-07,delayed
135,16,5,2,Curtain Wall Glass,780,249.05,2026-03-21,2026-03-27,2026-06-18,conflict
136,7,4,3,Rebar,1687,722.9,2026-03-29,2026-04-09,2026-06-18,delayed
137,18,5,6,Plumbing Fixtures,1123,45.7,2026-03-04,2026-03-16,2026-04-24,delayed
138,20,1,5,Plumbing Fixtures,1990,643.49,2026-04-09,2026-04-11,2026-07-06,silence
139,7,5,4,Curtain Wall Glass,985,96.52,2026-04-20,2026-04-26,2026-08-18,silence
140,4,1,3,Rebar,1396,683.04,2026-01-03,2026-01-12,2026-02-05,delayed
141,20,2,4,Roofing Membrane,889,339.68,2025-12-19,2025-12-23,2026-01-31,silence
142,18,2,3,Curtain Wall Glass,413,397.05,2026-01-13,2026-01-24,2026-03-06,on_time
143,10,5,5,Rebar,1386,126.85,2025-10-31,2025-11-04,2025-12-23,delayed
144,11,4,5,Structural Steel,1782,314.8,2025-09-05,2025-09-13,2025-12-16,conflict
145,1,2,3,Structural Steel,572,202.74,2026-01-26,2026-01-29,2026-04-20,delayed
146,4,6,6,Electrical Conduit,619,745.47,2025-09-17,2025-09-25,2025-11-16,on_time
147,7,6,5,Curtain Wall Glass,1773,608.48,2026-04-08,2026-04-11,2026-08-02,delayed
148,4,2,4,Structural Steel,577,738.98,2025-11-04,2025-11-16,2025-12-22,delayed
149,19,6,3,Plumbing Fixtures,778,392.41,2025-10-18,2025-10-25,2026-01-14,on_time
150,12,1,5,Plumbing Fixtures,456,823.39,2025-12-18,2025-12-26,2026-03-08,delayed
151,10,6,6,Electrical Conduit,889,562.33,2025-10-19,2025-10-20,2026-01-11,delayed
152,5,4,1,Electrical Conduit,794,89.59,2025-10-23,2025-10-25,2026-01-13,delayed
153,20,6,4,Electrical Conduit,187,763.66,2025-11-11,2025-11-24,2026-01-11,conflict
154,9,6,1,Electrical Conduit,1143,516.83,2026-01-24,2026-02-06,2026-05-10,silence
155,3,5,1,Curtain Wall Glass,1922,279.25,2026-03-18,2026-04-01,2026-06-20,silence
156,14,4,6,Plumbing Fixtures,178,549.85,2025-11-18,2025-11-23,2026-01-13,silence
157,5,5,3,Plumbing Fixtures,1211,544.64,2025-10-04,2025-10-09,2025-12-28,silence
158,4,4,5,Roofing Membrane,122,273.26,2025-11-29,2025-12-01,2026-01-31,silence
159,6,3,2,HVAC Ductwork,1511,755.16,2025-09-16,2025-09-22,2025-12-13,silence
160,17,3,1,Insulation,1769,488.35,2026-03-08,2026-03-11,2026-06-19,delayed
161,12,1,5,Structural Steel,377,201.36,2026-05-23,2026-05-24,2026-07-23,delayed
162,5,1,4,Structural Steel,487,467.19,2025-09-05,2025-09-11,2025-11-13,silence
163,4,2,5,Electrical Conduit,869,425.84,2025-10-01,2025-10-04,2025-11-16,delayed
164,8,3,3,Curtain Wall Glass,1906,683.68,2026-02-15,2026-02-21,2026-04-12,silence
165,15,3,4,HVAC Ductwork,1755,115.13,2025-11-20,2025-12-03,2026-01-20,delayed
166,12,4,5,Structural Steel,1396,264.53,2025-11-29,2025-11-30,2026-01-26,conflict
167,5,2,4,Curtain Wall Glass,1415,541.3,2025-10-14,2025-10-24,2025-11-21,silence
168,7,6,4,Precast Concrete,198,770.74,2026-02-17,2026-02-19,2026-05-08,silence
169,16,1,4,Plumbing Fixtures,363,310.54,2025-12-05,2025-12-10,2026-02-10,on_time
170,16,4,5,Insulation,134,88.25,2026-03-16,2026-03-19,2026-06-26,on_time
171,17,3,4,HVAC Ductwork,378,36.76,2025-12-22,2025-12-23,2026-04-05,on_time
172,8,2,1,Electrical Conduit,1355,216.36,2026-06-01,2026-06-15,2026-07-25,delayed
173,16,5,3,Precast Concrete,1014,46.7,2025-09-29,2025-10-03,2025-11-05,delayed
174,1,2,5,Precast Concrete,1595,107.62,2026-05-28,2026-06-11,2026-08-21,conflict
175,16,6,3,Precast Concrete,1458,823.9,2026-03-02,2026-03-06,2026-06-12,delayed
176,2,2,5,Curtain Wall Glass,1896,690.35,2025-12-23,2026-01-03,2026-03-20,delayed
177,1,3,2,Electrical Conduit,1429,71.61,2026-01-10,2026-01-23,2026-04-02,silence
178,16,4,3,Drywall,778,99.69,2026-05-04,2026-05-17,2026-06-07,conflict
179,10,1,3,HVAC Ductwork,1959,102.45,2026-02-23,2026-02-26,2026-05-19,delayed
180,6,1,1,Curtain Wall Glass,430,828.62,2026-03-29,2026-04-10,2026-06-13,silence
181,1,4,1,HVAC Ductwork,1697,567.79,2026-05-04,2026-05-08,2026-06-26,silence
182,15,1,3,Insulation,962,234.94,2026-01-16,2026-01-26,2026-05-01,silence
183,8,5,1,Plumbing Fixtures,1686,451.36,2026-05-02,2026-05-12,2026-06-22,on_time
184,7,2,2,Structural Steel,877,80.44,2026-04-11,2026-04-15,2026-07-21,silence
185,13,5,3,HVAC Ductwork,1074,397.56,2025-09-07,2025-09-20,2025-12-18,conflict
186,19,5,1,Rebar,1162,665.92,2026-01-25,2026-02-08,2026-03-26,delayed
187,2,6,4,HVAC Ductwork,1847,325.99,2026-02-20,2026-03-06,2026-04-25,delayed
188,14,5,6,Rebar,394,383.83,2026-03-28,2026-04-09,2026-05-05,on_time
189,10,6,5,Plumbing Fixtures,287,666.73,2026-05-27,2026-06-06,2026-08-15,silence
190,4,6,1,Electrical Conduit,772,423.14,2026-04-17,2026-04-20,2026-08-12,delayed
191,1,4,2,Precast Concrete,1241,683.72,2025-12-24,2025-12-29,2026-02-24,on_time
192,7,4,3,Drywall,1698,535.71,2025-10-23,2025-10-24,2025-12-25,delayed
193,10,2,2,Drywall,1577,215.65,2025-09-30,2025-10-13,2025-12-22,on_time
194,13,4,6,Structural Steel,1204,606.24,2025-12-07,2025-12-13,2026-02-13,delayed
195,6,6,5,Precast Concrete,611,96.5,2025-11-05,2025-11-17,2026-01-11,delayed
196,15,1,4,Structural Steel,1784,544.72,2025-10-07,2025-10-15,2025-12-28,delayed
197,19,4,2,Curtain Wall Glass,1776,612.58,2025-10-12,2025-10-20,2025-12-01,conflict
198,16,1,2,Roofing Membrane,898,543.96,2026-03-26,2026-04-02,2026-05-19,on_time
199,1,6,1,Electrical Conduit,473,594.09,2026-02-24,2026-03-01,2026-06-10,conflict
200,17,3,4,Precast Concrete,711,846.78,2026-05-09,2026-05-15,2026-08-30,conflict
201,2,4,6,HVAC Ductwork,1589,461.5,2025-09-25,2025-10-05,2025-11-09,delayed
202,18,3,4,Precast Concrete,430,595.49,2025-09-05,2025-09-10,2025-12-09,delayed
203,20,1,3,Rebar,1617,103.73,2025-12-11,2025-12-21,2026-02-09,delayed
204,1,1,6,Rebar,1867,107.21,2026-05-11,2026-05-14,2026-07-17,delayed
205,9,4,1,Rebar,1675,160.88,2025-09-21,2025-10-05,2025-12-09,delayed
206,16,4,6,Precast Concrete,241,125.65,2025-10-01,2025-10-15,2025-11-23,conflict
207,20,4,3,Roofing Membrane,69,735.25,2025-11-06,2025-11-14,2026-01-03,delayed
208,11,5,5,Roofing Membrane,205,376.43,2026-01-06,2026-01-14,2026-04-28,conflict
209,6,5,4,Insulation,1790,153.11,2026-05-10,2026-05-16,2026-07-30,on_time
210,8,1,4,Insulation,1650,493.48,2025-10-16,2025-10-30,2026-01-24,silence
211,1,1,5,Roofing Membrane,1315,269.34,2026-05-19,2026-05-28,2026-07-02,delayed
212,4,6,2,Structural Steel,709,311.54,2026-01-28,2026-02-06,2026-05-16,silence
213,7,2,1,Plumbing Fixtures,451,396.63,2025-12-07,2025-12-19,2026-03-02,conflict
214,19,4,5,Precast Concrete,1426,498.09,2025-11-05,2025-11-07,2026-02-08,delayed
215,10,6,5,Curtain Wall Glass,1467,630.24,2025-12-21,2025-12-25,2026-03-22,on_time
216,19,5,6,Plumbing Fixtures,1390,639.47,2026-06-01,2026-06-06,2026-07-26,delayed
217,9,2,3,HVAC Ductwork,309,715.88,2026-01-30,2026-02-03,2026-05-05,delayed
218,10,6,6,Structural Steel,1907,333.62,2026-04-02,2026-04-15,2026-06-03,silence
219,7,5,4,Electrical Conduit,1876,544.21,2026-03-08,2026-03-21,2026-06-03,on_time
220,6,6,1,Precast Concrete,1981,160.12,2026-05-22,2026-05-24,2026-06-30,silence
221,11,5,2,Precast Concrete,1076,71.93,2026-05-17,2026-05-20,2026-09-03,on_time
222,17,4,5,Structural Steel,244,573.56,2026-04-17,2026-04-21,2026-07-22,silence
223,12,5,5,Insulation,1006,51.62,2025-12-08,2025-12-14,2026-03-16,delayed
224,14,6,1,Precast Concrete,58,398.45,2026-02-17,2026-02-18,2026-04-28,silence
225,1,4,6,Rebar,1105,19.93,2025-10-03,2025-10-16,2025-12-08,delayed
226,15,4,4,Structural Steel,980,145.53,2025-12-22,2025-12-25,2026-04-17,on_time
227,12,1,5,Drywall,299,117.9,2025-09-03,2025-09-13,2025-12-14,delayed
228,2,5,4,Drywall,159,257.69,2025-10-05,2025-10-10,2025-12-19,silence
229,5,6,6,Electrical Conduit,214,253.09,2025-10-06,2025-10-10,2026-01-16,on_time
230,19,3,3,Plumbing Fixtures,355,19.03,2026-01-05,2026-01-18,2026-03-15,on_time
231,16,5,1,Precast Concrete,1332,521.53,2026-01-22,2026-02-05,2026-05-01,delayed
232,16,6,2,Curtain Wall Glass,813,201.46,2026-01-27,2026-01-30,2026-05-09,conflict
233,19,6,2,Insulation,1933,314.59,2025-12-22,2026-01-04,2026-01-26,delayed
234,11,1,6,Drywall,1307,707.76,2026-01-13,2026-01-23,2026-03-16,delayed
235,13,2,5,Plumbing Fixtures,732,697.39,2026-02-24,2026-03-04,2026-05-26,delayed
236,16,4,2,Roofing Membrane,340,555.46,2026-03-30,2026-03-31,2026-06-01,silence
237,6,5,4,Roofing Membrane,1995,485.61,2025-09-10,2025-09-22,2025-12-10,on_time
238,6,2,4,Roofing Membrane,302,678.5,2025-12-03,2025-12-13,2026-03-18,on_time
239,3,2,4,Plumbing Fixtures,280,105.66,2025-12-13,2025-12-22,2026-03-13,on_time
240,20,5,1,Drywall,1040,643.24,2025-10-18,2025-10-26,2026-01-04,on_time
241,12,5,6,Roofing Membrane,210,370.28,2026-01-09,2026-01-17,2026-03-12,on_time
242,7,1,6,Structural Steel,1193,451.32,2026-05-25,2026-05-26,2026-08-17,silence
243,19,3,3,Drywall,877,486.5,2026-01-20,2026-01-31,2026-05-20,delayed
244,13,6,2,Rebar,1541,206.86,2025-11-22,2025-11-24,2026-03-13,conflict
245,1,1,2,Insulation,1906,516.2,2025-10-16,2025-10-18,2026-02-06,silence
246,17,3,6,Roofing Membrane,127,804.67,2025-11-29,2025-12-10,2026-01-27,delayed
247,20,2,6,Structural Steel,746,214.78,2025-09-01,2025-09-04,2025-10-26,silence
248,17,1,6,Rebar,1892,90.29,2026-01-24,2026-02-05,2026-05-11,on_time
249,7,4,4,Roofing Membrane,19,233.02,2026-03-28,2026-04-06,2026-06-03,silence
250,11,1,5,HVAC Ductwork,1804,464.15,2026-01-07,2026-01-19,2026-02-20,silence
251,9,1,4,Electrical Conduit,1396,600.48,2026-02-09,2026-02-16,2026-03-22,on_time
252,13,6,6,Curtain Wall Glass,165,478.05,2025-12-01,2025-12-09,2026-03-04,delayed
253,7,2,6,Electrical Conduit,1797,236.61,2025-12-27,2025-12-31,2026-02-08,conflict
254,4,1,6,Insulation,1267,20.53,2025-09-22,2025-10-06,2025-11-26,on_time
255,16,2,5,HVAC Ductwork,824,200.45,2025-11-05,2025-11-06,2026-02-09,silence
256,15,3,6,Structural Steel,34,577.88,2026-03-14,2026-03-24,2026-06-22,silence
257,9,2,3,Insulation,1973,526.93,2026-03-07,2026-03-10,2026-04-18,delayed
258,9,2,5,Plumbing Fixtures,1763,333.04,2025-11-14,2025-11-27,2026-01-10,delayed
259,9,4,6,Rebar,931,636.74,2026-01-12,2026-01-18,2026-03-05,delayed
260,10,3,3,Drywall,1008,661.91,2026-04-17,2026-04-19,2026-05-26,on_time
261,3,2,3,Electrical Conduit,652,279.59,2026-01-28,2026-02-09,2026-04-20,on_time
262,6,2,1,Precast Concrete,1500,210.91,2026-01-07,2026-01-19,2026-04-26,silence
263,5,1,6,Plumbing Fixtures,643,206.51,2026-01-24,2026-02-01,2026-03-29,delayed
264,18,4,2,Drywall,372,508.34,2026-04-22,2026-05-03,2026-06-02,on_time
265,15,3,3,Plumbing Fixtures,542,145.02,2025-09-06,2025-09-07,2025-12-06,on_time
266,10,1,4,HVAC Ductwork,1232,208.06,2025-09-04,2025-09-13,2025-11-21,delayed
267,8,3,1,Plumbing Fixtures,1290,215.03,2026-01-18,2026-01-23,2026-05-07,conflict
268,16,2,3,Structural Steel,321,56.44,2026-06-01,2026-06-02,2026-08-12,delayed
269,3,2,1,HVAC Ductwork,1598,342.67,2026-04-29,2026-05-02,2026-07-09,delayed
270,6,6,6,Structural Steel,1535,797.75,2026-05-25,2026-05-27,2026-06-25,delayed
271,6,3,5,Rebar,820,673.94,2025-09-05,2025-09-06,2025-10-12,on_time
272,2,3,6,Precast Concrete,1446,462.86,2025-10-25,2025-10-28,2025-12-18,delayed
273,1,6,4,Curtain Wall Glass,1493,127.5,2025-09-21,2025-09-29,2025-12-19,delayed
274,9,5,5,Precast Concrete,151,458.5,2026-04-19,2026-04-24,2026-08-06,silence
275,8,3,6,Rebar,1358,822.58,2026-03-18,2026-03-22,2026-05-23,conflict
276,11,4,6,Curtain Wall Glass,236,95.37,2025-10-05,2025-10-06,2026-01-27,delayed
277,16,5,5,Roofing Membrane,534,55.99,2025-12-23,2026-01-02,2026-02-15,delayed
278,7,5,6,Electrical Conduit,1177,537.15,2025-12-01,2025-12-10,2026-02-27,on_time
279,14,1,2,Precast Concrete,1136,350.3,2026-02-20,2026-03-03,2026-05-08,conflict
280,14,6,4,Curtain Wall Glass,1256,216.0,2025-12-19,2025-12-26,2026-01-18,on_time
281,2,3,5,Structural Steel,1070,127.8,2026-02-02,2026-02-03,2026-04-11,silence
282,3,5,4,Roofing Membrane,1889,196.56,2025-10-10,2025-10-22,2025-11-21,on_time
283,20,6,3,Structural Steel,1506,689.96,2026-03-15,2026-03-17,2026-06-30,delayed
284,1,6,6,Plumbing Fixtures,120,269.49,2025-09-22,2025-09-28,2025-12-11,silence
285,15,5,5,Drywall,194,200.44,2026-01-27,2026-02-09,2026-03-15,silence
286,16,5,2,Insulation,819,559.63,2025-12-10,2025-12-19,2026-02-02,delayed
287,11,3,5,Structural Steel,1586,269.52,2026-02-27,2026-03-09,2026-04-08,conflict
288,4,6,1,Electrical Conduit,1953,533.54,2025-11-15,2025-11-29,2026-03-14,delayed
289,1,4,5,Drywall,99,228.31,2025-10-01,2025-10-06,2025-11-02,silence
290,10,6,4,Electrical Conduit,789,439.63,2025-10-21,2025-10-27,2026-01-30,on_time
291,1,1,2,Drywall,634,293.53,2026-03-21,2026-04-02,2026-05-25,conflict
292,2,6,3,Plumbing Fixtures,1833,849.96,2025-09-16,2025-09-25,2026-01-02,conflict
293,8,4,2,Roofing Membrane,322,371.1,2026-02-07,2026-02-17,2026-03-26,delayed
294,14,2,6,Roofing Membrane,1888,146.97,2025-10-05,2025-10-14,2025-12-26,delayed
295,14,3,4,HVAC Ductwork,321,665.56,2025-10-25,2025-10-28,2025-12-23,on_time
296,20,2,2,Structural Steel,745,81.36,2026-05-03,2026-05-06,2026-06-30,conflict
297,2,4,1,HVAC Ductwork,1956,359.89,2025-12-13,2025-12-26,2026-03-29,delayed
298,18,5,6,Structural Steel,1076,106.28,2026-04-22,2026-05-06,2026-05-27,on_time
299,18,4,5,Structural Steel,398,258.13,2026-03-23,2026-03-28,2026-05-06,on_time
300,6,5,6,Drywall,287,343.21,2026-02-13,2026-02-21,2026-05-12,silence
301,3,3,3,Precast Concrete,1481,627.27,2025-10-17,2025-10-19,2025-12-28,delayed
302,19,6,2,Precast Concrete,1789,135.75,2025-09-27,2025-10-04,2026-01-10,delayed
303,16,4,4,Insulation,172,517.02,2025-09-04,2025-09-08,2025-10-22,delayed
304,2,6,5,Roofing Membrane,621,291.48,2025-10-15,2025-10-16,2025-12-30,silence
305,2,1,3,Curtain Wall Glass,764,764.44,2025-10-05,2025-10-18,2026-01-31,delayed
306,20,6,3,Plumbing Fixtures,1256,722.91,2026-01-11,2026-01-20,2026-03-06,delayed
307,1,1,1,Insulation,1290,680.27,2025-12-16,2025-12-29,2026-03-28,delayed
308,20,1,2,Electrical Conduit,686,711.24,2026-05-04,2026-05-12,2026-08-01,conflict
309,14,6,1,Drywall,623,486.73,2026-02-09,2026-02-18,2026-04-14,delayed
310,14,1,4,Electrical Conduit,771,392.34,2026-02-02,2026-02-06,2026-05-07,delayed
311,5,2,3,Insulation,1510,744.69,2026-02-06,2026-02-19,2026-03-22,delayed
312,1,3,1,Roofing Membrane,1795,87.71,2026-04-28,2026-04-29,2026-05-29,silence
313,20,5,5,Rebar,433,468.01,2026-02-11,2026-02-16,2026-05-01,conflict
314,2,1,4,Plumbing Fixtures,376,603.41,2026-04-17,2026-04-27,2026-08-14,delayed
315,15,1,4,HVAC Ductwork,1411,553.09,2026-04-27,2026-05-05,2026-08-20,delayed
316,11,3,4,Insulation,71,69.58,2025-10-28,2025-11-03,2026-01-31,on_time
317,4,4,6,Rebar,677,479.39,2025-10-07,2025-10-20,2025-11-26,on_time
318,16,4,1,Curtain Wall Glass,436,694.62,2026-04-09,2026-04-22,2026-07-04,conflict
319,6,3,4,Rebar,1235,105.8,2026-03-14,2026-03-20,2026-04-13,delayed
320,5,6,2,Insulation,1098,258.41,2026-04-17,2026-04-21,2026-06-30,on_time
321,3,5,1,Roofing Membrane,1055,352.5,2025-11-05,2025-11-19,2026-01-22,silence
322,14,5,2,Precast Concrete,982,131.12,2026-03-16,2026-03-30,2026-04-24,conflict
323,1,2,6,Insulation,1357,379.67,2025-11-09,2025-11-11,2026-03-08,conflict
324,20,4,5,Precast Concrete,940,440.36,2026-04-19,2026-04-26,2026-07-25,delayed
325,9,4,5,Rebar,1081,758.08,2025-10-16,2025-10-20,2025-11-16,silence
326,16,4,5,Insulation,1185,627.74,2026-04-04,2026-04-10,2026-07-23,conflict
327,16,5,2,Roofing Membrane,115,563.03,2026-01-28,2026-02-10,2026-03-31,silence
328,1,6,1,Roofing Membrane,367,774.96,2025-11-17,2025-11-28,2026-02-04,silence
329,8,6,4,Precast Concrete,441,497.43,2026-02-24,2026-02-25,2026-05-24,silence
330,13,4,3,Insulation,1538,806.79,2026-05-31,2026-06-04,2026-08-26,silence
331,13,6,3,Drywall,1408,813.15,2025-10-20,2025-10-29,2026-01-08,delayed
332,15,6,6,Electrical Conduit,1513,576.03,2025-12-09,2025-12-18,2026-04-05,delayed
333,15,3,2,HVAC Ductwork,525,176.22,2025-09-13,2025-09-23,2025-10-28,silence
334,3,5,2,Plumbing Fixtures,1354,652.82,2025-12-04,2025-12-06,2026-02-13,delayed
335,9,2,1,HVAC Ductwork,1601,67.09,2026-03-18,2026-03-24,2026-04-21,silence
336,3,1,5,HVAC Ductwork,1601,387.31,2026-05-13,2026-05-16,2026-08-20,conflict
337,8,1,4,Insulation,258,488.65,2026-03-03,2026-03-09,2026-06-23,delayed
338,7,2,5,Structural Steel,1991,335.78,2025-12-07,2025-12-12,2026-03-16,delayed
339,10,4,5,Insulation,1989,846.52,2025-09-19,2025-09-25,2026-01-06,silence
340,2,2,6,Precast Concrete,39,158.83,2025-09-26,2025-10-01,2025-11-08,silence
341,4,4,5,Roofing Membrane,461,67.7,2025-12-13,2025-12-20,2026-01-20,delayed
342,4,3,2,Plumbing Fixtures,354,596.41,2025-11-24,2025-12-02,2026-01-13,silence
343,1,4,1,Structural Steel,24,164.81,2025-10-16,2025-10-28,2025-11-26,delayed
344,10,3,4,Structural Steel,1152,211.76,2025-10-31,2025-11-09,2026-02-18,on_time
345,7,3,1,Electrical Conduit,240,680.17,2026-05-01,2026-05-09,2026-06-20,silence
346,1,4,5,Rebar,155,762.39,2026-04-16,2026-04-26,2026-07-10,delayed
347,5,2,5,Insulation,374,338.42,2025-11-09,2025-11-17,2026-01-21,conflict
348,8,3,5,Precast Concrete,1626,678.46,2025-11-27,2025-12-07,2026-02-19,silence
349,8,2,3,Plumbing Fixtures,1196,200.71,2025-11-16,2025-11-26,2026-02-17,silence
350,8,1,5,Structural Steel,1429,626.04,2025-12-21,2025-12-24,2026-03-20,delayed
351,1,6,1,Plumbing Fixtures,1839,591.78,2026-05-30,2026-05-31,2026-08-14,conflict
352,15,5,1,Curtain Wall Glass,760,161.35,2025-10-05,2025-10-14,2026-01-10,delayed
353,4,4,6,Drywall,1399,704.19,2026-01-28,2026-02-05,2026-03-23,on_time
354,15,1,1,Plumbing Fixtures,1848,164.31,2025-10-10,2025-10-12,2025-12-16,conflict
355,14,6,5,Precast Concrete,980,304.49,2026-04-16,2026-04-28,2026-08-07,silence
356,11,4,5,Drywall,1734,472.97,2026-04-23,2026-04-28,2026-06-12,conflict
357,18,3,2,Precast Concrete,1728,606.27,2025-11-18,2025-11-21,2026-02-13,delayed
358,18,2,5,HVAC Ductwork,258,783.56,2026-03-27,2026-04-04,2026-06-02,conflict
359,19,6,2,Roofing Membrane,1502,772.25,2026-04-15,2026-04-21,2026-08-02,conflict
360,8,4,3,Rebar,678,60.95,2025-12-09,2025-12-19,2026-02-01,delayed
361,16,3,5,Roofing Membrane,1057,802.74,2026-03-04,2026-03-11,2026-04-30,conflict
362,15,6,4,Insulation,601,151.76,2026-04-06,2026-04-18,2026-06-17,delayed
363,3,5,4,Rebar,23,356.9,2026-01-18,2026-01-25,2026-04-28,delayed
364,16,1,3,Roofing Membrane,632,427.57,2026-04-26,2026-04-30,2026-07-25,silence
365,4,6,6,HVAC Ductwork,864,164.78,2026-01-04,2026-01-05,2026-04-20,conflict
366,12,5,4,Roofing Membrane,903,740.07,2026-05-02,2026-05-14,2026-07-30,conflict
367,5,3,2,Structural Steel,568,316.57,2026-03-02,2026-03-03,2026-06-09,on_time
368,11,3,6,HVAC Ductwork,565,587.35,2026-03-05,2026-03-07,2026-06-09,silence
369,10,3,4,Plumbing Fixtures,706,783.96,2025-11-23,2025-11-25,2026-02-28,on_time
370,18,6,5,Rebar,864,399.51,2025-10-10,2025-10-12,2026-02-07,on_time
371,10,1,6,Rebar,465,122.48,2025-11-12,2025-11-24,2026-02-11,silence
372,14,1,2,Rebar,77,677.2,2026-05-21,2026-05-31,2026-07-05,silence
373,20,2,5,Electrical Conduit,388,574.95,2025-09-15,2025-09-17,2025-12-28,conflict
374,1,5,2,Electrical Conduit,1984,250.35,2025-09-03,2025-09-15,2025-12-28,silence
375,4,2,3,Plumbing Fixtures,878,193.92,2025-12-26,2026-01-02,2026-03-02,conflict
376,15,5,6,HVAC Ductwork,1417,830.11,2026-04-16,2026-04-20,2026-08-10,delayed
377,12,2,1,Insulation,1386,102.82,2026-04-13,2026-04-22,2026-07-03,delayed
378,12,4,6,Roofing Membrane,1955,352.71,2026-05-07,2026-05-16,2026-08-07,conflict
379,16,2,6,Precast Concrete,70,98.17,2025-09-28,2025-10-12,2026-01-13,silence
380,11,2,3,Roofing Membrane,1286,95.44,2025-10-10,2025-10-21,2026-01-17,on_time
381,18,1,1,Plumbing Fixtures,1812,778.97,2026-03-16,2026-03-24,2026-07-10,silence
382,16,6,5,Drywall,1181,407.3,2025-11-20,2025-11-29,2025-12-23,silence
383,11,4,1,Plumbing Fixtures,716,843.27,2026-03-30,2026-04-05,2026-06-21,silence
384,9,1,6,Insulation,1214,33.57,2026-02-10,2026-02-17,2026-05-15,delayed
385,11,2,5,HVAC Ductwork,754,824.47,2025-12-13,2025-12-21,2026-03-27,delayed
386,4,5,3,HVAC Ductwork,147,487.97,2026-05-30,2026-06-07,2026-08-21,on_time
387,13,3,5,Drywall,938,575.75,2025-12-02,2025-12-03,2026-01-08,delayed
388,17,2,3,Insulation,312,215.71,2026-02-01,2026-02-15,2026-03-06,delayed
389,8,3,4,Insulation,1156,842.73,2026-04-05,2026-04-16,2026-07-06,delayed
390,1,1,1,Curtain Wall Glass,1242,263.81,2025-10-03,2025-10-10,2025-12-12,delayed
391,11,5,6,Plumbing Fixtures,1660,639.89,2025-12-30,2026-01-06,2026-04-01,delayed
392,18,3,6,Rebar,658,470.7,2026-05-02,2026-05-13,2026-06-03,delayed
393,20,1,6,Structural Steel,1424,781.08,2026-01-01,2026-01-06,2026-03-22,delayed
394,9,3,1,Electrical Conduit,619,190.67,2025-11-22,2025-11-30,2026-01-03,on_time
395,6,6,3,Drywall,145,308.8,2026-02-15,2026-02-23,2026-04-11,silence
396,10,3,5,Rebar,236,146.78,2026-05-23,2026-06-04,2026-07-28,on_time
397,7,1,4,Curtain Wall Glass,382,343.57,2026-03-13,2026-03-27,2026-05-15,delayed
398,6,1,4,Roofing Membrane,888,516.33,2025-11-16,2025-11-18,2026-03-12,delayed
399,16,1,2,Electrical Conduit,400,804.95,2026-01-15,2026-01-20,2026-03-17,delayed
400,12,5,6,Insulation,185,23.62,2025-11-08,2025-11-22,2025-12-17,delayed
401,4,5,1,Structural Steel,691,792.44,2026-04-30,2026-05-06,2026-06-15,silence
402,3,3,6,Drywall,896,133.4,2025-10-30,2025-11-05,2026-01-03,silence
403,12,4,3,HVAC Ductwork,1265,707.71,2026-01-14,2026-01-23,2026-04-10,on_time
404,2,2,2,Structural Steel,480,167.92,2026-04-29,2026-05-04,2026-07-30,conflict
405,15,4,1,Precast Concrete,263,306.92,2025-12-14,2025-12-28,2026-02-24,delayed
406,1,3,6,Rebar,817,326.92,2025-10-25,2025-11-08,2026-02-08,delayed
407,1,3,1,Roofing Membrane,1957,393.34,2025-11-06,2025-11-10,2026-02-27,silence
408,5,1,3,Insulation,1650,376.02,2026-02-06,2026-02-17,2026-05-19,on_time
409,20,4,1,Plumbing Fixtures,1670,322.48,2025-12-05,2025-12-12,2026-03-06,conflict
410,10,2,2,HVAC Ductwork,1733,222.63,2026-04-07,2026-04-12,2026-07-30,silence
411,19,3,3,HVAC Ductwork,1209,83.28,2026-05-16,2026-05-17,2026-09-13,conflict
412,10,3,5,Insulation,1561,574.67,2026-01-14,2026-01-20,2026-04-05,silence
413,20,6,4,HVAC Ductwork,1276,693.97,2026-03-04,2026-03-16,2026-04-05,delayed
414,7,1,2,Insulation,1338,136.2,2026-01-02,2026-01-09,2026-02-22,silence
415,5,6,6,Insulation,1983,420.01,2025-09-11,2025-09-25,2025-12-30,delayed
416,14,4,4,Roofing Membrane,1230,625.45,2026-01-27,2026-01-28,2026-03-27,on_time
417,2,5,1,Plumbing Fixtures,1190,278.73,2025-10-03,2025-10-08,2026-01-25,conflict
418,15,2,3,Plumbing Fixtures,1975,363.08,2026-03-04,2026-03-17,2026-04-15,delayed
419,14,4,3,Electrical Conduit,438,479.95,2025-09-10,2025-09-16,2025-12-28,on_time
420,8,1,5,Electrical Conduit,1006,230.28,2026-02-22,2026-03-07,2026-03-30,conflict
421,15,4,1,Rebar,1610,524.83,2025-10-23,2025-11-06,2025-12-09,conflict
422,4,2,4,Plumbing Fixtures,1585,657.14,2026-01-04,2026-01-18,2026-04-24,delayed
423,8,2,5,Plumbing Fixtures,1622,205.53,2026-04-08,2026-04-15,2026-07-13,delayed
424,10,4,4,Drywall,1799,269.11,2026-02-08,2026-02-14,2026-06-07,silence
425,13,4,6,Electrical Conduit,1827,469.6,2026-04-15,2026-04-27,2026-06-26,delayed
426,13,6,6,Precast Concrete,1075,843.26,2026-01-24,2026-01-28,2026-05-15,silence
427,6,1,1,Drywall,1223,231.01,2026-02-03,2026-02-15,2026-05-18,delayed
428,19,6,6,Drywall,1739,512.28,2026-02-27,2026-03-04,2026-04-11,delayed
429,11,5,5,Electrical Conduit,1695,665.09,2026-04-21,2026-04-23,2026-05-30,conflict
430,12,6,5,Plumbing Fixtures,1214,481.74,2026-03-22,2026-04-05,2026-06-25,delayed
431,17,1,6,Electrical Conduit,942,410.25,2025-11-20,2025-11-29,2026-02-24,delayed
432,5,1,3,HVAC Ductwork,776,268.22,2026-05-07,2026-05-08,2026-06-21,delayed
433,18,3,1,Structural Steel,865,416.78,2026-02-06,2026-02-16,2026-05-04,conflict
434,5,6,3,Rebar,1648,536.68,2026-03-29,2026-04-05,2026-07-19,silence
435,3,2,6,Structural Steel,1181,541.14,2026-02-06,2026-02-15,2026-03-14,on_time
436,19,5,2,Insulation,1039,763.88,2025-11-01,2025-11-12,2026-02-01,delayed
437,1,3,4,Precast Concrete,859,35.09,2026-05-29,2026-06-04,2026-08-05,delayed
438,13,1,3,Precast Concrete,855,760.66,2026-01-11,2026-01-18,2026-02-24,on_time
439,9,1,3,Insulation,1142,354.91,2026-05-06,2026-05-07,2026-06-21,on_time
440,10,5,4,Insulation,181,721.64,2026-05-15,2026-05-19,2026-08-10,delayed
441,2,1,4,Roofing Membrane,602,560.3,2025-11-25,2025-11-26,2026-02-07,silence
442,7,5,5,HVAC Ductwork,103,149.78,2026-06-01,2026-06-11,2026-08-10,silence
443,11,6,3,Insulation,569,220.35,2026-02-12,2026-02-18,2026-05-30,silence
444,16,1,1,Precast Concrete,856,479.09,2026-05-09,2026-05-22,2026-07-25,conflict
445,7,4,1,Electrical Conduit,1531,31.52,2026-01-22,2026-02-02,2026-03-19,silence
446,1,2,6,Plumbing Fixtures,237,741.38,2026-05-15,2026-05-23,2026-06-30,delayed
447,9,5,2,Drywall,1502,668.18,2025-12-08,2025-12-22,2026-03-31,delayed
448,2,3,4,Plumbing Fixtures,571,116.63,2026-05-24,2026-06-01,2026-08-19,delayed
449,11,1,4,Electrical Conduit,695,83.31,2025-09-13,2025-09-25,2026-01-01,delayed
450,4,1,4,Plumbing Fixtures,1664,35.06,2026-02-19,2026-03-05,2026-05-02,silence
451,17,2,1,Roofing Membrane,1278,381.17,2025-10-19,2025-10-30,2026-01-05,silence
452,13,1,5,Plumbing Fixtures,487,736.93,2025-09-06,2025-09-14,2025-11-07,delayed
453,12,4,4,Roofing Membrane,920,170.25,2025-11-10,2025-11-23,2026-02-22,silence
454,14,5,6,Curtain Wall Glass,647,502.36,2025-11-14,2025-11-17,2025-12-21,delayed
455,8,5,5,Structural Steel,874,302.09,2025-12-12,2025-12-23,2026-03-10,conflict
456,2,4,2,Structural Steel,1318,201.23,2025-12-27,2026-01-04,2026-01-29,silence
457,18,1,2,HVAC Ductwork,911,177.33,2026-03-04,2026-03-05,2026-06-28,delayed
458,5,4,6,Rebar,703,796.66,2026-02-04,2026-02-12,2026-05-24,on_time
459,14,6,1,Rebar,305,752.07,2025-11-06,2025-11-19,2025-12-22,delayed
460,17,5,4,Electrical Conduit,1499,82.98,2026-04-29,2026-05-12,2026-08-03,delayed
461,15,2,3,Curtain Wall Glass,1086,594.92,2026-05-12,2026-05-20,2026-07-01,delayed
462,12,3,5,Rebar,285,642.6,2026-01-30,2026-02-07,2026-03-10,delayed
463,12,1,3,Drywall,1060,471.45,2025-10-11,2025-10-24,2025-12-04,delayed
464,20,2,6,Drywall,1878,233.05,2026-02-01,2026-02-06,2026-05-25,on_time
465,1,4,6,Drywall,1568,809.49,2026-03-23,2026-03-27,2026-06-20,on_time
466,15,3,1,Curtain Wall Glass,1742,171.85,2026-04-02,2026-04-06,2026-06-22,on_time
467,18,3,3,Roofing Membrane,57,488.93,2025-09-17,2025-09-20,2025-11-10,conflict
468,16,1,3,Roofing Membrane,1980,392.03,2026-02-03,2026-02-05,2026-03-30,silence
469,3,4,3,Electrical Conduit,487,258.07,2026-05-27,2026-05-29,2026-07-12,delayed
470,7,3,4,Insulation,335,519.1,2026-02-06,2026-02-16,2026-05-14,delayed
471,11,5,4,Insulation,957,496.07,2025-10-17,2025-10-22,2026-01-05,on_time
472,20,2,4,Electrical Conduit,377,766.47,2026-04-10,2026-04-18,2026-05-30,delayed
473,9,6,5,HVAC Ductwork,1375,780.11,2025-12-21,2025-12-29,2026-04-11,silence
474,15,4,3,Plumbing Fixtures,1762,177.33,2025-09-20,2025-09-21,2025-12-15,delayed
475,5,4,3,Precast Concrete,359,715.14,2025-10-22,2025-10-25,2025-12-13,conflict
476,7,6,1,Drywall,452,384.12,2025-09-25,2025-10-09,2025-11-06,silence
477,6,6,2,Structural Steel,861,442.94,2026-02-15,2026-02-21,2026-03-18,delayed
478,13,2,4,Electrical Conduit,145,564.4,2026-01-21,2026-02-01,2026-04-29,delayed
479,19,2,3,Rebar,1238,285.84,2026-03-18,2026-03-29,2026-05-29,on_time
480,1,5,5,Insulation,793,441.71,2025-12-29,2026-01-07,2026-02-22,silence
481,5,4,2,Structural Steel,497,786.05,2026-04-16,2026-04-28,2026-06-21,silence
482,1,2,6,Curtain Wall Glass,711,217.28,2025-09-28,2025-10-09,2026-01-02,on_time
483,11,2,4,Structural Steel,142,741.34,2025-10-06,2025-10-10,2025-11-16,silence
484,6,5,5,Electrical Conduit,493,438.7,2026-04-07,2026-04-19,2026-05-28,delayed
485,16,4,4,Drywall,1258,628.66,2025-11-19,2025-12-03,2026-01-26,on_time
486,20,5,2,Drywall,1498,161.71,2026-03-14,2026-03-22,2026-05-07,conflict
487,1,1,5,Curtain Wall Glass,1016,352.8,2026-04-01,2026-04-08,2026-06-14,delayed
488,17,6,4,Curtain Wall Glass,1436,63.18,2026-03-17,2026-03-24,2026-07-02,delayed
489,15,6,2,HVAC Ductwork,516,517.79,2025-11-22,2025-11-23,2026-03-07,conflict
490,3,5,2,Plumbing Fixtures,349,707.84,2026-01-08,2026-01-20,2026-02-18,on_time
491,4,6,5,Curtain Wall Glass,1677,134.17,2025-12-17,2025-12-29,2026-02-12,delayed
492,6,2,1,Precast Concrete,1667,648.9,2026-01-11,2026-01-25,2026-03-16,silence
493,1,6,5,Structural Steel,208,191.24,2025-09-04,2025-09-11,2025-11-19,on_time
494,13,4,5,Structural Steel,739,744.02,2025-10-22,2025-10-23,2026-01-07,silence
495,15,5,6,Insulation,1064,359.96,2025-12-06,2025-12-07,2026-02-20,silence
496,2,6,3,Insulation,488,521.65,2026-03-24,2026-04-05,2026-06-28,delayed
497,19,6,5,Structural Steel,271,430.77,2025-10-15,2025-10-20,2026-02-11,conflict
498,3,1,4,Structural Steel,338,790.72,2026-02-15,2026-02-22,2026-05-18,delayed
499,3,6,3,Electrical Conduit,1918,495.94,2025-10-04,2025-10-15,2025-12-13,delayed
500,13,5,6,Structural Steel,646,66.67,2025-12-07,2025-12-21,2026-01-22,on_time
501,17,6,5,Roofing Membrane,464,104.0,2025-09-05,2025-09-14,2025-12-08,delayed
502,4,3,6,Roofing Membrane,989,541.95,2025-12-20,2025-12-28,2026-02-14,on_time
503,8,6,6,Structural Steel,1900,737.64,2025-12-01,2025-12-15,2026-02-19,delayed
504,13,1,5,HVAC Ductwork,588,596.47,2025-12-09,2025-12-21,2026-04-07,on_time
505,16,3,2,Electrical Conduit,456,686.64,2025-12-10,2025-12-22,2026-01-30,on_time
506,2,1,3,Insulation,377,804.13,2025-10-31,2025-11-09,2026-02-26,delayed
507,3,4,6,Plumbing Fixtures,573,543.0,2026-04-16,2026-04-22,2026-05-31,silence
508,16,6,6,Drywall,470,34.23,2026-05-04,2026-05-09,2026-08-15,delayed
509,5,1,3,Rebar,1471,773.92,2025-12-04,2025-12-11,2026-03-20,delayed
510,6,1,5,Insulation,1649,277.44,2025-09-21,2025-09-24,2025-11-28,silence
511,12,5,2,Plumbing Fixtures,1945,564.56,2026-01-06,2026-01-11,2026-04-08,silence
512,11,5,3,Roofing Membrane,1112,441.34,2025-10-21,2025-11-01,2026-01-29,delayed
513,9,3,4,Precast Concrete,829,395.82,2026-01-09,2026-01-20,2026-04-30,on_time
514,7,6,3,Roofing Membrane,1356,555.89,2026-05-20,2026-05-30,2026-09-14,conflict
515,18,4,1,Curtain Wall Glass,1321,89.29,2026-02-18,2026-03-03,2026-05-29,silence
516,9,5,1,Structural Steel,359,280.53,2026-03-19,2026-03-22,2026-07-17,delayed
517,8,6,5,Plumbing Fixtures,1457,397.25,2026-04-13,2026-04-19,2026-08-02,on_time
518,3,1,6,Electrical Conduit,1945,93.18,2025-09-30,2025-10-02,2026-01-24,delayed
519,18,6,1,Plumbing Fixtures,38,529.6,2025-09-04,2025-09-16,2025-12-08,delayed
520,12,1,4,Insulation,786,157.35,2025-10-28,2025-11-03,2026-01-04,conflict
521,16,3,3,Electrical Conduit,14,631.25,2026-03-21,2026-03-25,2026-06-17,delayed
522,11,3,3,Rebar,20,307.02,2025-12-05,2025-12-12,2026-03-29,conflict
523,9,2,4,Plumbing Fixtures,776,264.9,2026-04-08,2026-04-11,2026-06-22,on_time
524,14,1,3,Electrical Conduit,236,173.29,2025-09-21,2025-09-24,2025-11-24,conflict
525,4,4,4,Drywall,1024,682.85,2025-11-05,2025-11-11,2025-12-21,on_time
526,4,1,1,Precast Concrete,328,302.34,2025-09-07,2025-09-20,2025-11-09,silence
527,8,6,4,Electrical Conduit,980,604.89,2025-10-23,2025-11-04,2025-12-11,on_time
528,8,1,2,Plumbing Fixtures,88,243.67,2025-12-08,2025-12-11,2026-03-02,delayed
529,2,3,1,HVAC Ductwork,754,249.26,2026-02-27,2026-03-11,2026-05-14,silence
530,12,6,5,Drywall,1248,325.28,2026-01-20,2026-01-24,2026-02-24,delayed
531,5,2,4,Drywall,1467,225.86,2026-02-25,2026-03-03,2026-05-19,silence
532,17,5,1,Precast Concrete,1237,243.91,2025-11-06,2025-11-11,2026-02-09,silence
533,13,5,4,Plumbing Fixtures,1253,241.7,2025-12-04,2025-12-05,2026-03-09,conflict
534,15,5,6,Drywall,540,268.35,2025-12-22,2025-12-27,2026-01-26,on_time
535,5,3,2,HVAC Ductwork,1798,675.17,2026-01-06,2026-01-20,2026-02-12,delayed
536,1,3,2,HVAC Ductwork,371,228.75,2025-09-09,2025-09-18,2025-12-29,on_time
537,20,5,2,Insulation,461,285.76,2025-12-14,2025-12-24,2026-01-31,conflict
538,16,1,4,Precast Concrete,950,169.5,2025-11-30,2025-12-04,2026-02-18,delayed
539,20,2,1,Precast Concrete,157,371.04,2026-04-21,2026-05-02,2026-08-19,delayed
540,3,2,2,Insulation,1565,484.98,2026-04-16,2026-04-30,2026-07-08,conflict
541,5,1,2,Structural Steel,474,371.66,2025-11-15,2025-11-21,2025-12-28,delayed
542,10,3,1,Roofing Membrane,693,113.82,2025-10-14,2025-10-15,2025-11-22,delayed
543,1,2,6,Precast Concrete,665,138.4,2026-04-17,2026-04-29,2026-07-10,conflict
544,9,2,1,Curtain Wall Glass,271,166.86,2026-03-17,2026-03-23,2026-04-26,on_time
545,19,6,4,Drywall,1193,663.45,2025-12-22,2026-01-03,2026-03-22,silence
546,5,1,1,Curtain Wall Glass,749,723.71,2025-11-11,2025-11-16,2026-02-10,delayed
547,20,2,1,Precast Concrete,758,132.97,2026-01-04,2026-01-06,2026-02-17,silence
548,5,1,6,Structural Steel,1247,642.2,2026-05-16,2026-05-19,2026-08-24,silence
549,9,5,5,HVAC Ductwork,1462,204.81,2025-11-20,2025-11-25,2026-02-19,delayed
550,11,6,6,Plumbing Fixtures,1704,332.69,2025-09-28,2025-10-11,2025-11-06,silence
551,12,5,3,Structural Steel,500,250.64,2025-10-25,2025-10-27,2025-11-29,delayed
552,19,4,1,Structural Steel,654,92.83,2026-02-06,2026-02-07,2026-05-22,on_time
553,13,4,5,Structural Steel,604,149.62,2026-04-26,2026-04-28,2026-07-08,delayed
554,10,3,5,Plumbing Fixtures,91,758.72,2026-03-18,2026-03-22,2026-05-26,silence
555,18,1,4,Rebar,941,276.96,2026-01-30,2026-02-02,2026-03-23,silence
556,15,3,4,HVAC Ductwork,1572,747.01,2025-11-11,2025-11-13,2026-03-08,on_time
557,5,4,3,Drywall,1740,536.57,2026-02-08,2026-02-14,2026-04-10,silence
558,18,1,2,Rebar,605,328.81,2026-03-24,2026-04-07,2026-06-21,silence
559,4,1,2,Rebar,1888,816.22,2026-03-23,2026-04-05,2026-05-27,on_time
560,15,1,5,Precast Concrete,1952,407.42,2025-12-19,2025-12-25,2026-02-09,silence
561,3,2,1,HVAC Ductwork,839,83.23,2026-04-20,2026-05-04,2026-08-17,silence
562,14,3,6,Roofing Membrane,806,702.22,2025-12-11,2025-12-13,2026-02-19,on_time
563,1,2,4,Precast Concrete,1032,736.69,2025-10-29,2025-11-11,2026-02-17,on_time
564,15,6,5,Rebar,84,197.55,2025-12-06,2025-12-13,2026-02-13,on_time
565,17,1,6,Insulation,1338,849.21,2026-03-31,2026-04-07,2026-05-22,on_time
566,15,4,3,Precast Concrete,1142,511.73,2026-04-12,2026-04-19,2026-05-23,on_time
567,1,5,4,Rebar,1026,641.2,2025-10-22,2025-11-02,2025-12-19,on_time
568,15,5,4,Rebar,410,730.05,2025-11-03,2025-11-09,2026-01-22,on_time
569,1,3,2,Drywall,590,238.45,2026-01-14,2026-01-19,2026-04-27,delayed
570,14,2,5,Plumbing Fixtures,404,529.58,2026-03-21,2026-04-04,2026-07-09,silence
571,19,4,6,HVAC Ductwork,1724,476.68,2026-02-13,2026-02-17,2026-03-16,silence
572,19,2,1,Roofing Membrane,1459,468.97,2025-10-11,2025-10-21,2025-12-13,on_time
573,2,3,1,Precast Concrete,1294,34.32,2025-10-23,2025-10-25,2026-02-10,conflict
574,3,2,6,Plumbing Fixtures,778,757.91,2026-04-19,2026-05-02,2026-07-30,conflict
575,20,1,1,Curtain Wall Glass,720,419.07,2025-09-03,2025-09-06,2025-11-23,delayed
576,7,3,2,Electrical Conduit,1417,721.44,2026-01-22,2026-01-29,2026-04-17,silence
577,15,4,5,HVAC Ductwork,1680,281.16,2025-10-26,2025-11-05,2026-01-09,delayed
578,13,1,1,Precast Concrete,1666,284.44,2025-12-05,2025-12-11,2026-03-22,delayed
579,3,5,6,Plumbing Fixtures,1407,646.43,2026-02-10,2026-02-24,2026-04-22,delayed
580,19,4,2,Roofing Membrane,53,253.01,2025-09-03,2025-09-11,2025-12-24,silence
581,1,1,4,Rebar,1709,685.1,2026-02-02,2026-02-07,2026-03-10,on_time
582,13,3,6,Insulation,1020,723.64,2025-11-02,2025-11-16,2025-12-15,on_time
583,11,6,6,Plumbing Fixtures,473,157.11,2025-12-07,2025-12-19,2026-02-08,on_time
584,2,1,1,HVAC Ductwork,163,235.21,2026-03-14,2026-03-19,2026-05-16,conflict
585,10,6,1,Curtain Wall Glass,1153,712.68,2026-01-03,2026-01-14,2026-04-08,silence
586,11,3,6,Insulation,1352,143.59,2026-05-17,2026-05-19,2026-07-25,delayed
587,19,6,1,Precast Concrete,954,746.62,2025-10-27,2025-10-31,2025-12-15,silence
588,13,5,4,Drywall,693,59.39,2026-01-18,2026-01-24,2026-03-13,silence
589,10,2,4,Precast Concrete,1226,245.4,2026-05-11,2026-05-20,2026-08-17,delayed
590,4,3,2,Roofing Membrane,1442,612.71,2026-03-20,2026-03-27,2026-07-18,silence
591,20,3,6,Structural Steel,203,169.54,2026-05-03,2026-05-15,2026-06-25,on_time
592,11,4,2,Structural Steel,1374,411.29,2026-02-19,2026-02-20,2026-03-23,delayed
593,19,6,3,Electrical Conduit,1085,435.13,2025-11-15,2025-11-28,2026-01-16,silence
594,16,3,3,Insulation,37,706.17,2026-02-02,2026-02-14,2026-03-22,conflict
595,14,2,6,Precast Concrete,741,430.69,2026-01-04,2026-01-14,2026-02-16,delayed
596,9,6,6,Drywall,1851,776.85,2026-05-28,2026-05-31,2026-08-05,on_time
597,7,1,5,Drywall,1447,301.63,2025-11-02,2025-11-09,2026-01-09,delayed
598,16,3,1,HVAC Ductwork,41,393.97,2025-12-21,2025-12-26,2026-02-14,delayed
599,14,5,1,HVAC Ductwork,458,41.83,2026-03-01,2026-03-05,2026-05-23,delayed
600,18,2,3,HVAC Ductwork,185,263.27,2026-04-25,2026-05-04,2026-08-20,silence
601,12,4,3,Plumbing Fixtures,965,366.12,2026-03-30,2026-04-07,2026-05-16,silence
602,20,3,2,Roofing Membrane,1058,326.55,2026-01-29,2026-01-30,2026-05-15,silence
603,4,3,5,Insulation,1424,291.64,2025-10-02,2025-10-04,2025-12-09,silence
604,10,6,1,Insulation,1287,589.29,2025-10-29,2025-10-31,2025-12-28,silence
605,18,3,5,Insulation,1769,564.56,2025-11-03,2025-11-10,2025-12-28,conflict
606,16,4,3,HVAC Ductwork,1377,98.52,2026-05-11,2026-05-17,2026-08-07,silence
607,4,5,4,Structural Steel,1198,267.81,2026-04-16,2026-04-17,2026-05-17,on_time
608,6,3,5,Drywall,441,306.28,2026-05-27,2026-06-03,2026-08-25,delayed
609,20,6,2,Roofing Membrane,1461,789.39,2026-05-28,2026-06-02,2026-07-02,conflict
610,1,6,2,Electrical Conduit,207,570.49,2026-05-14,2026-05-25,2026-07-05,silence
611,13,4,1,Structural Steel,1263,224.15,2025-09-20,2025-10-04,2025-11-21,conflict
612,16,4,6,HVAC Ductwork,471,183.0,2025-11-22,2025-11-29,2025-12-25,silence
613,4,2,1,Precast Concrete,1839,19.37,2026-03-28,2026-04-07,2026-06-14,delayed
614,3,5,1,Precast Concrete,1612,446.9,2025-10-22,2025-10-24,2026-02-08,delayed
615,2,5,6,Rebar,1203,408.27,2026-01-13,2026-01-24,2026-03-01,silence
616,7,5,6,Curtain Wall Glass,1902,647.38,2025-10-02,2025-10-06,2025-11-05,on_time
617,12,1,4,Roofing Membrane,1524,526.38,2025-10-12,2025-10-21,2025-12-10,delayed
618,1,1,1,Electrical Conduit,1104,522.8,2026-03-14,2026-03-25,2026-05-07,conflict
619,11,4,1,Electrical Conduit,485,91.81,2025-09-06,2025-09-10,2025-12-29,delayed
620,3,1,3,Drywall,431,428.27,2026-03-02,2026-03-16,2026-04-14,delayed
621,2,3,4,Roofing Membrane,1005,248.62,2025-12-14,2025-12-17,2026-01-31,delayed
622,2,2,6,Insulation,1341,653.1,2025-10-29,2025-10-30,2026-01-30,delayed
623,1,4,4,Insulation,100,202.41,2026-03-14,2026-03-17,2026-04-16,on_time
624,20,3,3,Roofing Membrane,453,647.31,2026-02-22,2026-03-06,2026-06-18,on_time
625,10,5,4,Plumbing Fixtures,1182,615.55,2026-05-24,2026-05-29,2026-07-09,conflict
626,1,3,6,HVAC Ductwork,185,849.0,2026-01-30,2026-02-05,2026-05-17,delayed
627,1,1,3,Roofing Membrane,1363,283.03,2026-01-14,2026-01-28,2026-03-30,silence
628,16,6,5,Electrical Conduit,846,63.92,2025-10-11,2025-10-16,2025-12-20,delayed
629,2,5,6,Electrical Conduit,134,809.67,2026-01-11,2026-01-16,2026-02-15,silence
630,20,2,3,Rebar,168,438.29,2025-10-28,2025-11-06,2026-01-20,silence
631,10,2,1,Curtain Wall Glass,1253,673.12,2026-02-19,2026-02-26,2026-04-09,delayed
632,13,6,1,Rebar,1973,796.16,2025-12-24,2026-01-03,2026-03-06,delayed
633,8,3,2,Insulation,654,639.74,2025-10-30,2025-11-11,2026-01-21,delayed
634,8,5,2,Drywall,511,663.33,2026-03-28,2026-04-08,2026-04-28,delayed
635,6,1,4,HVAC Ductwork,1577,478.07,2026-04-29,2026-05-11,2026-08-25,silence
636,6,1,2,Drywall,1785,456.97,2026-03-18,2026-03-25,2026-07-03,on_time
637,20,1,6,Structural Steel,161,631.85,2026-03-01,2026-03-09,2026-04-23,delayed
638,19,5,1,Precast Concrete,1844,21.5,2026-03-09,2026-03-20,2026-04-30,delayed
639,5,1,6,Electrical Conduit,891,448.48,2026-02-08,2026-02-10,2026-05-26,delayed
640,4,2,6,HVAC Ductwork,298,95.14,2026-05-19,2026-06-01,2026-07-12,conflict
641,1,4,1,Curtain Wall Glass,426,250.33,2026-04-07,2026-04-19,2026-06-11,silence
642,4,3,1,Electrical Conduit,1499,77.08,2025-11-20,2025-11-29,2026-02-06,conflict
643,8,6,2,HVAC Ductwork,972,141.45,2025-12-05,2025-12-17,2026-01-12,silence
644,16,5,5,Electrical Conduit,1464,163.73,2026-04-03,2026-04-15,2026-06-22,on_time
645,20,3,5,Insulation,615,95.61,2025-10-28,2025-11-10,2026-02-24,conflict
646,13,6,2,Insulation,1730,686.94,2026-05-09,2026-05-19,2026-08-03,delayed
647,14,4,3,Structural Steel,559,420.4,2025-12-22,2025-12-28,2026-02-06,delayed
648,20,5,1,Structural Steel,1653,331.62,2026-02-18,2026-02-24,2026-05-23,delayed
649,13,4,1,Precast Concrete,589,266.72,2025-12-27,2026-01-07,2026-03-20,silence
650,1,1,6,Drywall,1248,782.34,2025-10-19,2025-10-31,2026-01-22,on_time
651,1,3,3,Insulation,425,98.23,2026-04-30,2026-05-07,2026-06-12,delayed
652,15,2,5,Structural Steel,823,658.96,2026-04-17,2026-04-23,2026-08-03,conflict
653,16,5,6,Roofing Membrane,1567,209.08,2026-05-11,2026-05-16,2026-09-06,silence
654,19,5,4,Structural Steel,559,591.48,2026-05-09,2026-05-18,2026-08-18,on_time
655,3,1,4,Rebar,779,121.28,2025-09-07,2025-09-10,2025-10-08,delayed
656,10,1,4,HVAC Ductwork,1484,784.85,2026-01-17,2026-01-26,2026-05-05,delayed
657,12,5,5,HVAC Ductwork,976,401.5,2026-02-17,2026-03-01,2026-06-15,conflict
658,4,5,4,Curtain Wall Glass,203,66.03,2026-04-28,2026-05-08,2026-07-11,conflict
659,1,2,3,HVAC Ductwork,1690,776.11,2026-04-07,2026-04-17,2026-05-26,silence
660,4,6,2,HVAC Ductwork,375,234.55,2025-10-23,2025-10-26,2026-02-08,on_time
661,16,2,2,Structural Steel,1614,208.58,2025-12-20,2025-12-22,2026-02-05,conflict
662,17,4,4,Insulation,679,267.64,2025-10-31,2025-11-04,2025-12-10,delayed
663,20,2,2,HVAC Ductwork,1466,134.31,2026-04-12,2026-04-21,2026-07-05,delayed
664,7,5,5,Electrical Conduit,793,327.46,2025-09-06,2025-09-10,2025-12-25,delayed
665,2,5,1,Insulation,1254,542.92,2026-05-10,2026-05-13,2026-07-03,silence
666,20,6,1,Curtain Wall Glass,1724,576.11,2026-02-10,2026-02-22,2026-05-15,conflict
667,5,6,3,Rebar,363,385.24,2026-01-20,2026-01-30,2026-04-03,on_time
668,15,5,6,Rebar,1169,791.78,2025-10-16,2025-10-18,2025-12-16,delayed
669,10,6,6,Electrical Conduit,1540,646.12,2025-11-07,2025-11-12,2026-01-04,silence
670,7,3,2,Precast Concrete,614,231.56,2026-04-14,2026-04-19,2026-06-04,silence
671,2,5,4,Precast Concrete,1111,489.87,2026-04-11,2026-04-17,2026-07-20,on_time
672,9,1,5,Electrical Conduit,538,197.24,2026-01-12,2026-01-13,2026-03-03,delayed
673,14,4,3,Curtain Wall Glass,1336,768.99,2025-12-05,2025-12-11,2026-02-24,on_time
674,16,2,3,Curtain Wall Glass,1240,297.13,2026-03-25,2026-03-30,2026-04-27,silence
675,6,5,2,HVAC Ductwork,1825,513.37,2026-05-27,2026-05-31,2026-08-04,conflict
676,5,3,4,Plumbing Fixtures,348,399.59,2025-11-15,2025-11-19,2025-12-26,on_time
677,8,2,6,Drywall,1741,662.63,2025-09-03,2025-09-11,2025-12-12,conflict
678,13,6,2,Insulation,1378,329.2,2026-04-26,2026-05-08,2026-07-19,conflict
679,20,4,5,Rebar,720,422.74,2025-09-14,2025-09-18,2025-11-10,silence
680,10,4,1,Curtain Wall Glass,796,561.13,2026-04-06,2026-04-09,2026-06-26,silence
681,1,2,3,Precast Concrete,1186,438.32,2026-04-21,2026-04-22,2026-07-17,conflict
682,17,3,4,Curtain Wall Glass,1738,461.75,2026-03-06,2026-03-08,2026-04-24,on_time
683,1,3,6,Roofing Membrane,538,180.01,2026-04-21,2026-04-28,2026-08-05,silence
684,12,3,4,Curtain Wall Glass,1392,262.28,2025-09-13,2025-09-22,2025-11-04,delayed
685,3,5,1,Precast Concrete,1498,135.78,2026-05-11,2026-05-18,2026-07-23,delayed
686,10,4,4,Structural Steel,386,808.55,2026-01-10,2026-01-22,2026-03-14,on_time
687,10,5,5,Drywall,1759,677.76,2025-09-26,2025-10-02,2026-01-10,delayed
688,11,1,2,Electrical Conduit,47,607.02,2025-12-23,2025-12-25,2026-04-03,on_time
689,1,3,3,Curtain Wall Glass,719,701.89,2025-11-17,2025-11-25,2025-12-27,on_time
690,16,5,3,Rebar,435,639.59,2026-05-30,2026-06-05,2026-07-01,delayed
691,10,5,6,Insulation,490,328.36,2025-11-07,2025-11-14,2025-12-27,delayed
692,13,5,4,Curtain Wall Glass,1548,196.82,2026-01-21,2026-01-27,2026-05-12,on_time
693,11,5,5,Drywall,813,202.96,2026-03-26,2026-04-03,2026-07-17,conflict
694,6,6,1,Plumbing Fixtures,1198,560.34,2026-04-03,2026-04-10,2026-06-21,silence
695,18,5,2,Precast Concrete,947,323.17,2026-01-01,2026-01-04,2026-04-28,on_time
696,20,4,2,Precast Concrete,954,432.68,2025-10-27,2025-11-09,2026-02-20,silence
697,14,5,4,Plumbing Fixtures,154,668.84,2026-01-12,2026-01-24,2026-04-08,on_time
698,16,6,1,HVAC Ductwork,1672,347.66,2025-09-21,2025-09-27,2025-11-21,conflict
699,16,2,3,Rebar,685,551.1,2025-10-08,2025-10-16,2026-01-18,on_time
700,9,5,1,Precast Concrete,313,450.69,2025-09-14,2025-09-18,2026-01-03,delayed
701,8,1,2,Roofing Membrane,630,138.88,2025-09-07,2025-09-12,2025-11-23,delayed
702,13,4,6,Precast Concrete,1793,453.57,2025-11-29,2025-12-07,2026-01-13,delayed
703,7,3,4,Insulation,1176,777.11,2025-09-07,2025-09-21,2025-11-27,delayed
704,4,3,5,Rebar,565,476.99,2026-06-01,2026-06-15,2026-09-27,on_time
705,15,2,1,Roofing Membrane,554,475.9,2025-10-17,2025-10-29,2026-01-16,delayed
706,4,4,1,Insulation,414,98.4,2025-12-20,2025-12-30,2026-04-11,delayed
707,10,3,5,Electrical Conduit,708,244.87,2026-05-16,2026-05-21,2026-06-23,silence
708,14,6,3,Rebar,1905,734.79,2026-02-23,2026-03-06,2026-05-31,on_time
709,16,1,6,HVAC Ductwork,1909,523.95,2025-11-19,2025-11-25,2026-03-07,conflict
710,6,3,5,Insulation,1348,512.02,2026-04-02,2026-04-15,2026-05-19,delayed
711,15,3,1,Electrical Conduit,437,567.82,2026-01-10,2026-01-15,2026-04-25,silence
712,16,1,6,Plumbing Fixtures,1418,816.38,2026-05-08,2026-05-12,2026-06-14,silence
713,11,3,5,Curtain Wall Glass,907,786.21,2025-10-27,2025-11-04,2026-02-07,conflict
714,18,6,3,Drywall,1097,697.45,2025-09-12,2025-09-15,2025-11-27,delayed
715,11,2,6,HVAC Ductwork,532,519.02,2025-09-12,2025-09-15,2025-10-18,conflict
716,17,1,5,Curtain Wall Glass,43,487.37,2025-09-17,2025-09-26,2025-12-15,conflict
717,20,6,2,Rebar,1581,586.1,2026-01-20,2026-01-28,2026-05-18,conflict
718,14,1,4,Roofing Membrane,611,20.31,2026-03-19,2026-03-20,2026-05-29,silence
719,18,4,6,Electrical Conduit,1586,700.97,2026-03-01,2026-03-13,2026-04-16,delayed
720,18,3,1,Curtain Wall Glass,1792,278.31,2025-12-27,2026-01-07,2026-04-02,silence
721,4,2,2,Rebar,1936,423.41,2026-03-03,2026-03-15,2026-04-04,on_time
722,1,4,4,Plumbing Fixtures,1979,731.01,2026-03-01,2026-03-07,2026-06-28,on_time
723,3,6,6,Plumbing Fixtures,1803,408.59,2026-01-19,2026-01-31,2026-02-22,delayed
724,2,5,2,HVAC Ductwork,771,530.66,2025-11-20,2025-11-27,2026-01-09,on_time
725,1,4,2,HVAC Ductwork,836,537.14,2026-01-14,2026-01-24,2026-04-06,silence
726,2,5,4,Roofing Membrane,1489,453.55,2025-11-20,2025-11-22,2026-02-26,silence
727,15,2,5,Structural Steel,647,412.66,2026-01-10,2026-01-13,2026-05-04,conflict
728,3,6,1,Plumbing Fixtures,588,755.58,2025-10-24,2025-10-28,2026-01-11,delayed
729,2,2,2,Structural Steel,302,544.92,2025-12-31,2026-01-03,2026-04-19,delayed
730,9,5,4,Rebar,1535,248.22,2026-05-22,2026-05-28,2026-08-30,on_time
731,15,6,1,Curtain Wall Glass,1573,448.43,2025-10-03,2025-10-16,2026-01-11,conflict
732,3,5,2,Plumbing Fixtures,1689,800.94,2026-05-20,2026-05-24,2026-08-25,conflict
733,17,1,5,Curtain Wall Glass,1114,207.4,2026-05-30,2026-06-02,2026-08-06,delayed
734,1,1,3,Drywall,1378,275.19,2025-10-05,2025-10-06,2025-12-05,delayed
735,12,1,2,HVAC Ductwork,297,760.35,2025-11-03,2025-11-15,2025-12-16,delayed
736,20,4,2,Insulation,621,701.57,2026-04-21,2026-04-24,2026-07-08,silence
737,9,1,6,Insulation,882,503.46,2026-05-08,2026-05-21,2026-07-23,on_time
738,8,6,4,Plumbing Fixtures,873,62.3,2025-10-24,2025-11-07,2025-12-25,delayed
739,12,1,1,Rebar,1470,688.0,2026-01-03,2026-01-13,2026-02-15,silence
740,19,6,1,Roofing Membrane,204,113.09,2026-01-01,2026-01-07,2026-03-27,on_time
741,1,2,5,Precast Concrete,59,541.49,2026-02-16,2026-02-18,2026-05-15,delayed
742,9,2,2,Drywall,1588,736.01,2026-02-12,2026-02-24,2026-04-12,on_time
743,11,3,1,Rebar,1319,354.06,2026-05-13,2026-05-24,2026-09-09,on_time
744,18,3,5,Drywall,374,347.31,2025-10-09,2025-10-13,2025-12-27,silence
745,4,6,3,Roofing Membrane,1177,825.57,2026-02-13,2026-02-17,2026-03-16,delayed
746,10,2,1,Roofing Membrane,999,714.67,2026-04-01,2026-04-10,2026-06-16,on_time
747,8,3,5,Curtain Wall Glass,167,815.01,2025-11-08,2025-11-14,2026-02-23,on_time
748,8,6,3,Drywall,1691,837.54,2026-04-27,2026-05-02,2026-07-23,silence
749,18,6,1,Curtain Wall Glass,986,739.43,2025-11-15,2025-11-17,2026-02-18,delayed
750,14,2,5,Roofing Membrane,654,735.38,2025-09-28,2025-10-10,2025-10-31,on_time
751,16,6,1,Curtain Wall Glass,192,93.62,2026-03-26,2026-04-05,2026-06-07,delayed
752,15,1,5,HVAC Ductwork,51,749.22,2025-10-02,2025-10-11,2025-11-09,silence
753,6,2,6,Roofing Membrane,1030,166.79,2025-12-21,2025-12-27,2026-03-17,silence
754,6,5,2,Insulation,72,534.44,2025-11-01,2025-11-14,2026-01-13,delayed
755,15,6,5,Plumbing Fixtures,1615,389.03,2025-10-30,2025-11-10,2026-02-21,conflict
756,19,1,5,Rebar,1368,561.76,2026-05-28,2026-06-07,2026-08-21,on_time
757,13,1,4,Structural Steel,1016,102.11,2026-05-06,2026-05-16,2026-06-12,on_time
758,17,1,2,Rebar,638,759.9,2025-11-28,2025-12-09,2026-03-03,delayed
759,12,6,6,Structural Steel,1875,194.1,2026-04-23,2026-04-26,2026-08-12,on_time
760,20,1,1,Plumbing Fixtures,431,766.77,2025-10-30,2025-11-04,2026-02-13,silence
761,8,5,6,HVAC Ductwork,1816,785.02,2026-02-06,2026-02-10,2026-04-01,delayed
762,16,3,5,Structural Steel,1293,593.26,2025-09-22,2025-10-04,2025-11-23,conflict
763,13,3,5,HVAC Ductwork,593,729.35,2026-01-12,2026-01-14,2026-02-19,delayed
764,8,4,5,Curtain Wall Glass,907,631.52,2026-04-15,2026-04-25,2026-08-05,delayed
765,2,4,4,Precast Concrete,1949,258.66,2025-10-03,2025-10-07,2026-01-12,delayed
766,6,2,5,Curtain Wall Glass,126,107.99,2025-10-04,2025-10-11,2025-11-05,delayed
767,16,5,6,Plumbing Fixtures,588,587.48,2026-03-18,2026-03-26,2026-05-06,delayed
768,15,5,3,Electrical Conduit,305,254.53,2025-11-29,2025-12-06,2026-02-25,conflict
769,14,6,5,Electrical Conduit,833,119.4,2026-02-28,2026-03-04,2026-04-30,on_time
770,7,6,2,Roofing Membrane,408,806.58,2026-03-06,2026-03-14,2026-06-23,delayed
771,14,1,2,Electrical Conduit,701,475.66,2025-11-20,2025-12-01,2026-03-02,delayed
772,5,6,4,Roofing Membrane,1611,683.7,2025-11-17,2025-11-24,2026-03-05,delayed
773,17,6,6,Structural Steel,1394,96.05,2025-10-04,2025-10-06,2025-11-14,silence
774,11,3,2,Precast Concrete,1971,192.86,2025-10-04,2025-10-10,2025-11-22,delayed
775,6,4,1,Drywall,1874,531.27,2025-11-21,2025-11-30,2025-12-23,conflict
776,19,6,3,Insulation,1207,492.55,2026-04-18,2026-04-19,2026-07-07,delayed
777,5,1,6,Electrical Conduit,1979,544.58,2026-01-28,2026-02-09,2026-05-17,on_time
778,19,4,2,Curtain Wall Glass,1753,226.02,2026-05-21,2026-05-26,2026-08-16,on_time
779,14,3,1,HVAC Ductwork,1545,845.91,2026-04-23,2026-05-04,2026-07-06,silence
780,9,5,2,Insulation,586,237.67,2026-04-19,2026-04-30,2026-05-27,silence
781,5,5,2,Rebar,1778,77.97,2025-09-07,2025-09-19,2025-12-26,silence
782,11,6,1,Roofing Membrane,259,61.9,2025-11-11,2025-11-15,2026-01-21,silence
783,17,2,4,Electrical Conduit,1460,839.92,2025-12-05,2025-12-13,2026-01-26,on_time
784,7,3,2,Drywall,1188,827.22,2025-11-03,2025-11-15,2025-12-03,delayed
785,9,3,2,Rebar,136,67.42,2026-02-24,2026-03-08,2026-06-20,silence
786,3,3,5,Curtain Wall Glass,1439,583.7,2025-10-04,2025-10-14,2026-01-17,on_time
787,6,1,6,Curtain Wall Glass,849,403.23,2026-04-25,2026-05-01,2026-06-13,on_time
788,5,6,4,Plumbing Fixtures,1954,35.44,2025-11-11,2025-11-24,2026-01-26,conflict
789,1,4,6,Precast Concrete,319,510.1,2025-12-04,2025-12-08,2026-02-22,silence
790,6,3,5,HVAC Ductwork,476,173.6,2026-05-14,2026-05-21,2026-08-06,delayed
791,20,1,5,Precast Concrete,1094,250.38,2026-03-11,2026-03-24,2026-07-08,silence
792,7,2,3,Roofing Membrane,1998,776.0,2025-12-31,2026-01-14,2026-03-12,conflict
793,3,5,4,Insulation,1244,766.86,2026-01-15,2026-01-17,2026-02-21,on_time
794,16,2,2,Structural Steel,680,312.4,2026-05-06,2026-05-15,2026-08-26,conflict
795,7,5,5,Rebar,615,627.41,2025-12-09,2025-12-18,2026-02-24,silence
796,15,2,4,Plumbing Fixtures,1147,146.08,2026-04-16,2026-04-29,2026-06-21,on_time
797,6,5,2,Curtain Wall Glass,1968,29.16,2025-09-27,2025-10-11,2025-12-21,silence
798,11,4,2,Curtain Wall Glass,1265,713.12,2025-09-18,2025-09-29,2025-11-03,silence
799,16,1,1,Precast Concrete,320,100.38,2025-11-23,2025-12-05,2026-01-25,delayed
800,8,2,1,Drywall,59,58.82,2025-12-25,2026-01-02,2026-03-09,silence
